iter	MultiClass
0	1.035840338
1	0.9091720786
2	0.8644590709
